shape_id,p2d,p3d,human
0,0.1811,0.8189,0.8064516129
1,0.9376,0.0624,0.1903225806
2,0.4424,0.5576,0.8967741935
3,0.5587,0.4413,0.5677419355
4,0.9816,0.0184,0.1967741935
5,0.2934,0.7066,0.8870967742
6,0.7379,0.2621,0.1806451613
7,0.4405,0.5595,0.9
8,0.6342,0.3658,0.9064516129
9,0.8746,0.1254,0.1580645161
10,0.4253,0.5747,0.7741935484
11,0.8949,0.1051,0.1741935484